id,latitud,longitud
1,-34.58772056188862,-58.40733438162456
2,-34.59093052007863,-58.401435776817415
3,-34.588753995126595,-58.401253995159124
4,-34.59380382089387,-58.39960928292031
5,-34.57473141182072,-58.390246290933064
6,-34.58855332676286,-58.38729662717295
7,-34.59239976410918,-58.40610840288814
8,-34.592954802234466,-58.401336797667035
9,-34.5957514569587,-58.400525769742536
10,-34.594951304951515,-58.3955934464926
11,-34.59160741994708,-58.38970979154129
12,-34.597776720706,-58.387913975080956
13,-34.597393117250625,-58.391785431737944
14,-34.58319138450014,-58.39179341896317
15,-34.585950241842895,-58.3853889449591
16,-34.593090445650695,-58.40802540250567
17,-34.580098163366436,-58.39747405716867
18,-34.58394167524063,-58.4024087690655
19,-34.5951427052161,-58.39063191474846
20,-34.59925465838609,-58.388214551802854
21,-34.593119377541456,-58.39309566690693
22,-34.58705630500981,-58.3941195657711
23,-34.590411387822876,-58.39122630374449
24,-34.5728402595186,-58.39221075805169
25,-34.58860121029439,-58.38641587454522
26,-34.593890385755465,-58.40781412761608
27,-34.58816060589955,-58.40827381105358
28,-34.5963421372691,-58.390701771233445
29,-34.59251934089019,-58.40536904508394
30,-34.58484133240065,-58.39179897474165
31,-34.57162128079484,-58.383595736113136
32,-34.58081844055012,-58.39639703367313
33,-34.59486789262387,-58.413745071034676
34,-34.597256845743054,-58.39033680329553
35,-34.58375897299854,-58.38776779812231
36,-34.58854505148442,-58.404670554156816
37,-34.596356500252824,-58.40711261057702
38,-34.58789182702565,-58.38848091426185
39,-34.590386943797036,-58.39043100827802
40,-34.59553984070848,-58.38808317283471
41,-34.57264731691699,-58.39981219904181
42,-34.58668706467084,-58.40323533351259
43,-34.586919002107656,-58.40655970161491
44,-34.589329318506806,-58.39005638363594
45,-34.573942397291084,-58.39510558950893
46,-34.57809981444073,-58.38904457577834
47,-34.585606076720836,-58.39110402349972
48,-34.57943155089791,-58.39425259790204
49,-34.58372276604002,-58.39197901313147
50,-34.58776468848543,-58.39290108419404
51,-34.593914602348555,-58.40958961415402
52,-34.58632849186574,-58.38975562835106
53,-34.588212727615556,-58.39225881934277
54,-34.57683914648905,-58.398919001936065
55,-34.59593462541832,-58.38967257459243
56,-34.59429350033016,-58.38826745059524
57,-34.5937001681023,-58.40621292534873
58,-34.595605571251056,-58.389061014685225
59,-34.59031478264691,-58.40665602978738
60,-34.59175234050049,-58.392091540761406
61,-34.58854926863453,-58.387740319449705
62,-34.5825521386676,-58.3991164447933
63,-34.594834509708406,-58.39667226577483
64,-34.585438002973966,-58.394488561517036
65,-34.588850603385815,-58.38767702159123
66,-34.585300309516114,-58.403052960372094
67,-34.59216976863742,-58.41137362291419
68,-34.58438442744294,-58.38960780815735
69,-34.573586136018854,-58.400426652367955
70,-34.58480721936259,-58.40649833388616
71,-34.592612064625946,-58.38938978743445
72,-34.59312140049273,-58.398989658789425
73,-34.587034343322216,-58.40077235691434
74,-34.5725511727615,-58.384642075101844
75,-34.58427338975517,-58.395230864471976
76,-34.59370756177275,-58.399505677078984
77,-34.59592252781769,-58.407479947405676
78,-34.591021808264486,-58.40796608250587
79,-34.5977131904563,-58.39628845951817
80,-34.586907147477596,-58.391614814419405
81,-34.59344831961189,-58.39960567040682
82,-34.59577349175633,-58.41240831064261
83,-34.59283228193165,-58.39614005055697
84,-34.59208172204931,-58.40712579730018
85,-34.57764987811179,-58.388394813825414
86,-34.58842137056599,-58.40811778280943
87,-34.576376930617826,-58.39550804413729
88,-34.5885856363278,-58.385266091880744
89,-34.59615921004125,-58.41445283183486
90,-34.59637955490601,-58.413152600531994
91,-34.59708742087475,-58.41519769967804
92,-34.581365614747355,-58.39167227953438
93,-34.574181664298465,-58.38395835439821
94,-34.57452665207179,-58.38372177937354
95,-34.57649644763322,-58.390607948492026
96,-34.58839845636241,-58.38592050424407
97,-34.588924330404254,-58.39798601254767
98,-34.597098858728614,-58.38962323068848
99,-34.57604170799576,-58.38966670701394
100,-34.57564171357873,-58.39056057589225
101,-34.59911608192241,-58.39307000358766
102,-34.57824105192526,-58.38280875431657
103,-34.59770211217083,-58.40930927494174
104,-34.59622345556855,-58.4101354716195
105,-34.586106619261315,-58.40193607282431
106,-34.59666751104854,-58.409700434010766
107,-34.593404125160895,-58.3912725342152
108,-34.588337677780146,-58.39784962183903
109,-34.586717652792366,-58.399958511790814
110,-34.58993961657202,-58.40038182451597
111,-34.59799459467738,-58.3889681862343
112,-34.593945382074196,-58.40473724143957
113,-34.587880691188325,-58.405439482123754
114,-34.59785511939122,-58.405034919231184
115,-34.589608398661206,-58.39682431617323
116,-34.57810134710718,-58.38281937388463
117,-34.58855326623119,-58.408113569140546
118,-34.596210039224985,-58.38732376717977
119,-34.582556900259746,-58.396601501658346
120,-34.59258181294278,-58.411362040316725
121,-34.584752420491206,-58.4040705268009
122,-34.59729777156209,-58.40358404257888
123,-34.59601855433732,-58.397636735217844
124,-34.59113282505302,-58.40662437955843
125,-34.59101983148994,-58.389380244239774
126,-34.587781934611954,-58.4078378510108
127,-34.582201822892074,-58.393760059190626
128,-34.580839336955734,-58.39373625976175
129,-34.57740373990393,-58.39433922768754
130,-34.58869073713665,-58.403900685539384
131,-34.59037252121384,-58.401055565940474
132,-34.587680024633876,-58.39813761403122
133,-34.595317189268194,-58.396893865089254
134,-34.5839628664653,-58.404258305398486
135,-34.594742481492496,-58.40615736389647
136,-34.59053622687297,-58.390478104547626
137,-34.587521983429745,-58.39289565786866
138,-34.58829940773298,-58.40038805307091
139,-34.58618057451974,-58.393382657721226
140,-34.58943238599916,-58.39695894373855
141,-34.59546671575889,-58.409890354571985
142,-34.58723984163045,-58.39545827057654
143,-34.573673032017595,-58.38471047781519
144,-34.57472900008861,-58.3982418707595
145,-34.59437447002604,-58.38824911431337
146,-34.59724181398273,-58.403566903391436
147,-34.580446095005655,-58.394254663448855
148,-34.57709934968578,-58.39734225982518
149,-34.58689328618619,-58.38524073069371
150,-34.58219524502368,-58.38943585079168
151,-34.59433204040501,-58.39162805831679
152,-34.57350986122041,-58.395131501340906
153,-34.58864581861833,-58.39900539694233
154,-34.58209409686804,-58.394511496210704
155,-34.5873312615228,-58.39678465447333
156,-34.592321535112305,-58.40676183341199
157,-34.59530649702024,-58.39546483942854
158,-34.58676805229288,-58.40759089690339
159,-34.59528002896677,-58.39854075961238
160,-34.57658416752155,-58.38406307674898
161,-34.58610371678991,-58.39216386526071
162,-34.578005614962194,-58.39639641027125
163,-34.58533616566723,-58.40555735572971
164,-34.59763142893223,-58.401898820982886
165,-34.595687144460186,-58.40390538293982
166,-34.58351759583596,-58.39329421698901
167,-34.57557256017471,-58.39722442023073
168,-34.59726085285126,-58.40264171081253
169,-34.585019573511765,-58.391765683614196
170,-34.582926002511066,-58.39893988300158
171,-34.596536664602425,-58.4002165118718
172,-34.59269728432874,-58.40954224781596
173,-34.574677877776246,-58.398397999593165
174,-34.596304450540195,-58.39999830768759
175,-34.58612493605515,-58.40035773557711
176,-34.57418873165429,-58.389202447298175
177,-34.595525778416125,-58.39951658141041
178,-34.58236078327798,-58.3914414626282
179,-34.574800855053475,-58.38935501660578
180,-34.59672188037357,-58.40384260809919
181,-34.59300837999724,-58.39545848144194
182,-34.5978674174254,-58.391646680171355
183,-34.590187933277534,-58.400520497931566
184,-34.592697014960905,-58.4057844386436
185,-34.59457825462778,-58.39137177420594
186,-34.57737079300125,-58.39608375645113
187,-34.58886308405327,-58.39524128881709
188,-34.5896334484159,-58.392693267987966
189,-34.573852657671026,-58.39809681359291
190,-34.585674388815406,-58.392521169260036
191,-34.59349883176279,-58.39789983914005
192,-34.578616227267695,-58.396302198668224
193,-34.58835643247506,-58.39959921902287
194,-34.58739632964685,-58.385247335501916
195,-34.58034907759486,-58.39472916066156
196,-34.59419199649413,-58.38881312322732
197,-34.58526399371622,-58.40243689714675
198,-34.58705615526722,-58.40148971912193
199,-34.589941225610644,-58.39843268169658
200,-34.59316037064032,-58.40720724386012
201,-34.59635525883324,-58.40829510502417
202,-34.57758978892199,-58.38706826036516
203,-34.58818831921537,-58.39928185201958
204,-34.58709070904161,-58.39844561907018
205,-34.58865396464294,-58.38759468668701
206,-34.59062518165962,-58.401945274273196
207,-34.59581788878151,-58.40639678837672
208,-34.594895957992314,-58.401270488640286
209,-34.581131533921635,-58.39582773915826
210,-34.59357931366368,-58.402556413061
211,-34.58668246191619,-58.385567583309516
212,-34.58749479735872,-58.40704802537061
213,-34.59166362253521,-58.394972536448
214,-34.59448970666042,-58.413499068044686
215,-34.59833989823033,-58.39399013451644
216,-34.593407944785966,-58.38920766800049
217,-34.59051444153914,-58.40963879635064
218,-34.591225260262036,-58.406983095919834
219,-34.59329272077598,-58.40057124752733
220,-34.5954164327668,-58.394058241394795
221,-34.58523367532149,-58.38979675630384
222,-34.581052414115746,-58.39152909061851
223,-34.594748862588524,-58.400685813815365
224,-34.573756161468886,-58.38349686697563
225,-34.58941828937631,-58.39691966343717
226,-34.595894343221005,-58.39377118337309
227,-34.57565527297275,-58.387253253536905
228,-34.57784449797274,-58.38389951389011
229,-34.59675893442135,-58.38839711397972
230,-34.597564782595846,-58.39998333847173
231,-34.58947735081193,-58.393174951304445
232,-34.579478155128726,-58.395951595817216
233,-34.593422294304986,-58.392648866828516
234,-34.596531350006714,-58.39052903888878
235,-34.588222979012855,-58.38932745255863
236,-34.5931025812328,-58.408251638915374
237,-34.595418542728254,-58.411025436846394
238,-34.58815846729058,-58.39676641323609
239,-34.59719005167394,-58.40811075589684
240,-34.581536367304544,-58.39519059500422
241,-34.58558384825638,-58.39504096955127
242,-34.57276872915841,-58.39619697464859
243,-34.58626402900519,-58.38999035008579
244,-34.58523416022028,-58.39360882672508
245,-34.58499748493143,-58.396331140534286
246,-34.582335472536606,-58.39311147359358
247,-34.57348515211855,-58.395857392226084
248,-34.5970557656373,-58.387572265693976
249,-34.58410170301744,-58.40580185866551
250,-34.59445830762367,-58.39745474067874
251,-34.596802274678474,-58.40922569040083
252,-34.59369091606624,-58.41232154532385
253,-34.57616023179544,-58.38900484517374
254,-34.579830279120856,-58.39578032579368
255,-34.598764831672106,-58.394562761729134
256,-34.598920283629944,-58.389393928626795
257,-34.572602282284585,-58.401194161867494
258,-34.57297433058723,-58.384675043241444
259,-34.590200747166605,-58.40442513353137
260,-34.58555951345416,-58.39350590237483
261,-34.589876981767645,-58.396343005868346
262,-34.589429506077,-58.40956245793328
263,-34.589315007687134,-58.394746629095394
264,-34.59500776250698,-58.411119226345406
265,-34.59910640159412,-58.395044122858934
266,-34.583069592238886,-58.39058102972893
267,-34.579775649164425,-58.39746924618886
268,-34.59589483455119,-58.40989524772069
269,-34.59784826227243,-58.403632848131565
270,-34.59712172280204,-58.39237931304038
271,-34.596209876586926,-58.40541969087226
272,-34.58883244494807,-58.388705940619445
273,-34.59407105870828,-58.41064154589928
274,-34.57491642693632,-58.39938120454636
275,-34.59035773759954,-58.40676924772445
276,-34.57535526004147,-58.38821017444131
277,-34.588386088074294,-58.38861314379116
278,-34.59232316753094,-58.4115762583635
279,-34.58533536187452,-58.397806484489095
280,-34.588261851589856,-58.395527691208706
281,-34.572685631710016,-58.393463802182495
282,-34.59613992364759,-58.394154407376774
283,-34.594426128780505,-58.4031700482864
284,-34.584677162397604,-58.38700227693333
285,-34.59740468982927,-58.40322953265147
286,-34.59713010376628,-58.4153132140469
287,-34.57554467941797,-58.40096713394769
288,-34.591042008890824,-58.39553355726949
289,-34.57409512970388,-58.39426875075798
290,-34.59748291300797,-58.39138868936181
291,-34.59511830731132,-58.39871408214438
292,-34.596256655847085,-58.39205969904249
293,-34.57640362370154,-58.395109320870624
294,-34.5878839708196,-58.401068333882634
295,-34.587429679092594,-58.391258720889695
296,-34.59520573129053,-58.410799850444576
297,-34.59271888381125,-58.40013737540047
298,-34.57561504855251,-58.401181039678775
299,-34.59724090906967,-58.39152773739953
300,-34.597462444104984,-58.39657634317571
301,-34.59184625648265,-58.397598116917074
302,-34.58380437234729,-58.40597701172185
303,-34.596573756302384,-58.389950736944336
304,-34.59737856981699,-58.412378139938426
305,-34.580538277559086,-58.39770952742643
306,-34.59594783158772,-58.39837303092751
307,-34.59392035996769,-58.39249321337346
308,-34.585627903336714,-58.391050751918236
309,-34.59267581536984,-58.38841076962526
310,-34.59393775789769,-58.400832516412606
311,-34.593626508636625,-58.4026309697499
312,-34.59296098522623,-58.40147299361621
313,-34.588955188474884,-58.40899192754749
314,-34.573675314409705,-58.38487220111094
315,-34.5820533755588,-58.38933267648052
316,-34.59565047670658,-58.39833523116103
317,-34.59301003864683,-58.41227617365753
318,-34.594850291440416,-58.39789512555793
319,-34.58163375190962,-58.393408239603716
320,-34.58344597358106,-58.39936511135551
321,-34.578729456570834,-58.39072929562689
322,-34.589936910794904,-58.40624398951531
323,-34.59087490054728,-58.39287005099944
324,-34.589272050850624,-58.403298273752696
325,-34.59213436514674,-58.39680716078399
326,-34.58795833871025,-58.406900059361476
327,-34.588091607500196,-58.3893805687979
328,-34.59143729158225,-58.4034202707999
329,-34.5863923426972,-58.40282422622706
330,-34.57224338994103,-58.399940620745845
331,-34.59229202932486,-58.40753765804869
332,-34.595281809571794,-58.40364231081753
333,-34.58761109201964,-58.39935778675556
334,-34.58683170093455,-58.39047764122916
335,-34.58315228498588,-58.39039379472429
336,-34.58791337639094,-58.38445939360377
337,-34.57560339235054,-58.38933493211236
338,-34.59337843545122,-58.401837335258904
339,-34.58566719688946,-58.39325614269527
340,-34.58792414499683,-58.384259135224895
341,-34.593746286849075,-58.40827289874146
342,-34.59073693262175,-58.40593669301971
343,-34.58323003917487,-58.389190423663926
344,-34.59119413527659,-58.40537362625171
345,-34.58939544475816,-58.39976181699994
346,-34.585487798866296,-58.39524969711808
347,-34.58797554436459,-58.39267068772736
348,-34.596796060199935,-58.396635106403245
349,-34.59281395332922,-58.409002876391234
350,-34.58935036670319,-58.39069859411986
351,-34.595246112420526,-58.40898732379121
352,-34.591719650653836,-58.39487198448506
353,-34.58423121153151,-58.38795183462242
354,-34.58942625299625,-58.40004432762745
355,-34.57321968587475,-58.39743376334715
356,-34.58488747454373,-58.40538568194356
357,-34.57147967777728,-58.384938765513276
358,-34.57470695064341,-58.390580668954605
359,-34.57652731177297,-58.38297731596805
360,-34.59363799828946,-58.40592210107199
361,-34.574675108731846,-58.39537456468972
362,-34.58726191737007,-58.39360093036897
363,-34.5962674997716,-58.402958667323304
364,-34.58429126179267,-58.39188351983202
365,-34.596921115723994,-58.409965536793706
366,-34.57814358458418,-58.39177796685117
367,-34.57639210953475,-58.3896100488519
368,-34.5746654057973,-58.39483911778865
369,-34.59195634754545,-58.40438769888825
370,-34.598197203366524,-58.397018872277755
371,-34.59075422947099,-58.398996515641976
372,-34.5748428755176,-58.39716142039095
373,-34.57423435090348,-58.39691163298072
374,-34.5749203875491,-58.39912689062354
375,-34.59218339537689,-58.392781377163075
376,-34.59611366987942,-58.41164947174614
377,-34.5834128616338,-58.398290578325316
378,-34.59131595816253,-58.40324434375696
379,-34.57212075008036,-58.38527938797119
380,-34.5843094714937,-58.40092542136938
381,-34.590647127317304,-58.395652212843586
382,-34.59216701060387,-58.38790390022465
383,-34.59324638907462,-58.39249606265674
384,-34.588794851575614,-58.394249016246945
385,-34.59724215685448,-58.39530532018271
386,-34.596502072719026,-58.40610082618967
387,-34.58082032729167,-58.3938595241099
388,-34.59814787011214,-58.392833850155476
389,-34.59546023550752,-58.40643667007134
390,-34.589598019007674,-58.39006347121005
391,-34.5884358973334,-58.3966793296717
392,-34.59209946277916,-58.40961097172606
393,-34.586666093483714,-58.38863098063181
394,-34.586957670965504,-58.38893602723006
395,-34.59668113304263,-58.399427084042
396,-34.58896496885008,-58.407434548594466
397,-34.59486276134125,-58.387703752070465
398,-34.57695885828731,-58.39670574134878
399,-34.571684632277886,-58.38834064914013
400,-34.57593921634497,-58.3898111536561
401,-34.59833811099271,-58.40366061132798
402,-34.57246230853619,-58.38348697013161
403,-34.577930580921546,-58.3905763016959
404,-34.59516528883798,-58.408061956742216
405,-34.59023507084816,-58.40469539352745
406,-34.5749711214265,-58.40038976336644
407,-34.591993195067914,-58.39339123754809
408,-34.58467384446905,-58.38724705990845
409,-34.58128851090089,-58.391799297576235
410,-34.59807166860415,-58.38914494920346
411,-34.58620637556976,-58.3946191465821
412,-34.598631284241854,-58.39658537801329
413,-34.57892709350302,-58.39452953845123
414,-34.58084447934053,-58.39167119655057
415,-34.580236228655934,-58.391522307683154
416,-34.58801581971421,-58.39423024262569
417,-34.59529766575363,-58.40981741058736
418,-34.58207630880284,-58.39169892121524
419,-34.59023108810111,-58.41010872701039
420,-34.571289541172206,-58.38616500527626
421,-34.596381501588155,-58.402703941232616
422,-34.59430944954838,-58.39348490908558
423,-34.597945391916355,-58.39221043030972
424,-34.597632643308906,-58.40742559087149
425,-34.573281976046495,-58.386521582071374
426,-34.58910385800928,-58.38972824818231
427,-34.59468871821421,-58.3951345973746
428,-34.573313683983486,-58.39235168617739
429,-34.58886940174123,-58.38845744650095
430,-34.584546954832504,-58.38627562203019
431,-34.591057647314734,-58.4074048101925
432,-34.59464180495205,-58.4127364227774
433,-34.58754434022611,-58.403353162135915
434,-34.598344024462826,-58.387221481033464
435,-34.591700803797934,-58.39163820487027
436,-34.58555579909479,-58.39099440077609
437,-34.5879463500512,-58.408664158493984
438,-34.59021428060386,-58.3920767480331
439,-34.59023464175795,-58.39347026028949
440,-34.59694444264363,-58.405848039986346
441,-34.590494727853425,-58.39237124297154
442,-34.576375721290994,-58.38833811389678
443,-34.5932783730637,-58.39156574768976
444,-34.578011925905784,-58.38939269716173
445,-34.57548940408609,-58.39825345776209
446,-34.586161163209674,-58.38840033420971
447,-34.585278970191474,-58.39938864661624
448,-34.58342054370424,-58.389243320980555
449,-34.57999614787507,-58.39733452591448
450,-34.5763087083051,-58.39994329329695
451,-34.59283460474633,-58.39325405323664
452,-34.58543476580201,-58.390288284587946
453,-34.58378009847846,-58.397449312659745
454,-34.575853566421856,-58.39993180489234
455,-34.59746862048948,-58.397744044860175
456,-34.588136319950856,-58.40188631868115
457,-34.5775176320474,-58.387662843284154
458,-34.591898845865835,-58.395702629404894
459,-34.58174533056082,-58.38980820661175
460,-34.59481847463434,-58.40314071936375
461,-34.594102327524915,-58.40429779412825
462,-34.59067219945549,-58.403561275237635
463,-34.581411774742776,-58.396084222242486
464,-34.59119985685745,-58.39361310131737
465,-34.598368305733686,-58.38958490449751
466,-34.59211892233866,-58.39906105574953
467,-34.59745265121536,-58.392450162218815
468,-34.59697306114201,-58.40286446883805
469,-34.585258381907245,-58.39648083016727
470,-34.58641517639119,-58.38916625200384
471,-34.591127821787275,-58.39014129052418
472,-34.596258596149035,-58.40976391976529
473,-34.590428774743444,-58.39801361110971
474,-34.58326665643755,-58.39753759679339
475,-34.57975050155736,-58.39587991881457
476,-34.586778999244544,-58.388794013243064
477,-34.58818014611584,-58.39089893859142
478,-34.58533971384222,-58.39674543977771
479,-34.58366567247333,-58.397916366570016
480,-34.59649377954544,-58.40368174153875
481,-34.58351991719479,-58.40342585423769
482,-34.5945050499134,-58.39837162126565
483,-34.57637802193923,-58.3826969473071
484,-34.59222561651829,-58.39880294432269
485,-34.593942235652335,-58.38774192224248
486,-34.57230693212521,-58.392927821116224
487,-34.58866862339778,-58.39143537263346
488,-34.59358740050919,-58.40764144955215
489,-34.58889095538557,-58.38960014011242
490,-34.584351363503075,-58.393941975148536
491,-34.59549932637671,-58.39390034192285
492,-34.59607635321401,-58.400261877681224
493,-34.58824486275632,-58.40784186466832
494,-34.59652034721092,-58.39991389973207
495,-34.58991019322964,-58.39164283102827
496,-34.573171651188,-58.39218300669061
497,-34.58484852363039,-58.39878877716902
498,-34.57197376459287,-58.399764938505506
499,-34.59129029290554,-58.38841277247314
500,-34.59566500441307,-58.40997560113681
501,-34.58820400474514,-58.40089250719524
502,-34.597796976521025,-58.40903329282221
503,-34.584624034072924,-58.40198449138973
504,-34.575071170415136,-58.396589631442616
505,-34.57502929310015,-58.38946407605232
506,-34.58573225755213,-58.40134828051963
507,-34.5858377465852,-58.39577423553873
508,-34.595131204228906,-58.41304908420371
509,-34.59586422754097,-58.40097746091099
510,-34.57203295293517,-58.395686335363635
511,-34.597852498181155,-58.40475329364224
512,-34.58776210821626,-58.40522662537615
513,-34.577286592705086,-58.39584059621623
514,-34.595852796182236,-58.38882976819578
515,-34.59651686353708,-58.40480399881121
516,-34.574779006814545,-58.394067045302975
517,-34.5908995355238,-58.39428367108984
518,-34.587925511106974,-58.39714738180727
519,-34.59468535276767,-58.39618737538065
520,-34.582863488076896,-58.39717572687375
521,-34.59323434859875,-58.390142737225524
522,-34.57534290807004,-58.40083166702996
523,-34.59079973984153,-58.408898482732
524,-34.594134653659665,-58.39852448194505
525,-34.59362938944717,-58.40688620514175
526,-34.58763558470777,-58.390531459502846
527,-34.57643058159276,-58.397794875310595
528,-34.586628791299546,-58.39655111069553
529,-34.592451107307035,-58.39713620536211
530,-34.59527210979668,-58.40648605841091
531,-34.58551882492763,-58.396615068712585
532,-34.59121544347299,-58.397955994159965
533,-34.59068843204733,-58.39569839483031
534,-34.593041536033475,-58.412516553799385
535,-34.5861367685609,-58.395355444099046
536,-34.57258369345635,-58.398214813972096
537,-34.586472723239375,-58.407573233405046
538,-34.59050324258437,-58.40782488385222
539,-34.58090037790207,-58.39735656455548
540,-34.57728867964924,-58.39223839887005
541,-34.58389030180585,-58.394184523053134
542,-34.583503236870186,-58.39922845366366
543,-34.5939151099432,-58.41126140469642
544,-34.59658362518864,-58.402733248234966
545,-34.58089841709467,-58.394226854422406
546,-34.592729391189806,-58.4115755756281
547,-34.57719783482213,-58.38583298789348
548,-34.58765426848541,-58.40238363002976
549,-34.57386788105916,-58.382861407721805
550,-34.59273275432196,-58.390154773478436
551,-34.59396331863099,-58.4106925602709
552,-34.585769529008104,-58.40294524870746
553,-34.59601273995633,-58.40869262465955
554,-34.59403284910186,-58.39958267595636
555,-34.593786283887916,-58.39383984899153
556,-34.59853396230139,-58.39690379000648
557,-34.58979740110025,-58.396401394247576
558,-34.593461803668944,-58.39402274383636
559,-34.593488005098074,-58.399073574958656
560,-34.58469850205058,-58.39482992142363
561,-34.59247675370704,-58.39519613723822
562,-34.57656744920705,-58.38538033280369
563,-34.58399916524829,-58.39646123032372
564,-34.57484933913836,-58.389877061118995
565,-34.59251579697731,-58.40131012103638
566,-34.58371771111801,-58.39411926445465
567,-34.598807827121625,-58.387649073427454
568,-34.59267562593904,-58.40288325487088
569,-34.59030029317041,-58.400640765765424
570,-34.591950280309646,-58.39792176658204
571,-34.593555311173745,-58.40483935359495
572,-34.589338661954656,-58.3950275274883
573,-34.597575501495406,-58.396244311337504
574,-34.58492789529953,-58.40155331616624
575,-34.58085210342186,-58.39167516571039
576,-34.58380584696208,-58.406070451698824
577,-34.57531145810282,-58.39677948404859
578,-34.59595005193124,-58.407158573189854
579,-34.593161351780594,-58.40139459922565
580,-34.57742368119284,-58.383279396494295
581,-34.58055743233456,-58.39362061760368
582,-34.5890537911636,-58.391012823214204
583,-34.59023130826761,-58.393024064685875
584,-34.585328896928004,-58.39624087785279
585,-34.5990617528716,-58.39753851208475
586,-34.57791659445887,-58.387389981402244
587,-34.57762140051444,-58.38708040183529
588,-34.59532721227681,-58.38852352091357
589,-34.58287889901967,-58.39258810101852
590,-34.587511631999845,-58.395787068323365
591,-34.59013078721474,-58.40194806493522
592,-34.577485498356985,-58.39505099683963
593,-34.59733538934588,-58.40614809655887
594,-34.58923090503018,-58.40706558687678
595,-34.574015294000446,-58.39402046994574
596,-34.584309078259096,-58.406430926326564
597,-34.586456836845436,-58.389467236570304
598,-34.590259944827395,-58.38715195494569
599,-34.588363257485874,-58.38998962819523
600,-34.581245187948035,-58.39549777459346
601,-34.58907160041523,-58.40047200666598
602,-34.592525308442255,-58.40241906622326
603,-34.5960580520967,-58.390232090790995
604,-34.58718350458522,-58.39009412399414
605,-34.576940772894574,-58.39020290840414
606,-34.574300382973945,-58.38472950221358
607,-34.57523684929825,-58.39329240433748
608,-34.59149836674284,-58.40522570974306
609,-34.59464472337371,-58.41390032498581
610,-34.59062043262462,-58.394103195086636
611,-34.57397283191001,-58.401315872924435
612,-34.58756750913911,-58.39265282150381
613,-34.5851287627378,-58.392912127908
614,-34.59422497097491,-58.413634474121245
615,-34.594642815106795,-58.40932206232617
616,-34.59327746628876,-58.41181931843195
617,-34.589502296840955,-58.409024893048525
618,-34.58254745707262,-58.396635676182264
619,-34.575906325968745,-58.397586963551205
620,-34.597224991351126,-58.399769141993026
621,-34.59622954959684,-58.408011587480075
622,-34.57340422078055,-58.391305723733495
623,-34.59610434004312,-58.40857362753361
624,-34.583663877031086,-58.40290891092899
625,-34.58116670843124,-58.397209326309394
626,-34.58102784440928,-58.3936934224207
627,-34.58142944480936,-58.39043812313569
628,-34.58943150876366,-58.39540485645087
629,-34.597397862101985,-58.39494192851946
630,-34.59705089338959,-58.393833058467614
631,-34.57129671463253,-58.388938264089
632,-34.57593381837266,-58.39279418621293
633,-34.584412588894224,-58.39412517898013
634,-34.594900666024806,-58.39907197327546
635,-34.57562132201995,-58.40065536261006
636,-34.58393893780008,-58.38673311205132
637,-34.594357120994516,-58.41151949231867
638,-34.59093122718453,-58.403536738755015
639,-34.57675682088896,-58.383275408117804
640,-34.59732003137723,-58.39343516478462
641,-34.594055169340926,-58.3970192660232
642,-34.59193022943928,-58.39392346232129
643,-34.597294878298776,-58.405070780984104
644,-34.57328498503843,-58.39047429848735
645,-34.59517850883974,-58.406654999946866
646,-34.5878707909732,-58.397738662404336
647,-34.57373548083532,-58.393971411314055
648,-34.58451216889047,-58.39965310874492
649,-34.593461129580604,-58.41079497192976
650,-34.578873080959546,-58.39646379736013
651,-34.59541700165643,-58.38907003560778
652,-34.598102919134405,-58.39630340194818
653,-34.573354004235654,-58.390286948028596
654,-34.589901517090254,-58.38915848954412
655,-34.587240693556076,-58.39817659578607
656,-34.58707244643308,-58.38642381409342
657,-34.59731432434209,-58.39051338733218
658,-34.587833640698285,-58.39527803025492
659,-34.59917367706798,-58.40213046492649
660,-34.581470349685056,-58.397854132224566
661,-34.59036669862195,-58.409127392649026
662,-34.597698040972624,-58.41185929232981
663,-34.58657848451522,-58.387492559918385
664,-34.59677075001971,-58.40666660755132
665,-34.5968553094816,-58.39233020223385
666,-34.58837777746285,-58.406486115374875
667,-34.598155997325286,-58.397983478364466
668,-34.595700897980514,-58.39745706315913
669,-34.59450014555721,-58.39057975761995
670,-34.59358540803019,-58.39117096430391
671,-34.59021655007424,-58.40749895226774
672,-34.58983699720079,-58.39425789611889
673,-34.58565946194803,-58.40545823743843
674,-34.5865440325161,-58.39640858915552
675,-34.57789074536042,-58.39120913637233
676,-34.59600705800106,-58.398157672003606
677,-34.5907078649262,-58.39651821617629
678,-34.573326032347126,-58.40099321187917
679,-34.59473908416153,-58.40508417721571
680,-34.59304367400306,-58.40092443790235
681,-34.571532392149116,-58.38553774553309
682,-34.59668896520121,-58.3905103193213
683,-34.59611926319335,-58.41051728046858
684,-34.5894486822662,-58.40430182572613
685,-34.57272063040063,-58.38582568682898
686,-34.57546842041774,-58.39355047210631
687,-34.5873689571811,-58.39003359219656
688,-34.57217272572924,-58.38351528148888
689,-34.57555833106311,-58.395943242248265
690,-34.589116646898994,-58.38873476111103
691,-34.58718632557041,-58.39050436842294
692,-34.57143185620943,-58.39791931234261
693,-34.5880966186664,-58.39381682328979
694,-34.58941746102612,-58.39044590862228
695,-34.5768766604822,-58.391775626600555
696,-34.597745385241865,-58.390973924038796
697,-34.58308861162371,-58.38962369215138
698,-34.57729261191683,-58.39206270120923
699,-34.590637799782904,-58.39349932787659
700,-34.58692952213789,-58.40690045149034
701,-34.58816531057643,-58.398335954136
702,-34.583519020301395,-58.395580778318454
703,-34.574959891417755,-58.38932653697938
704,-34.58524968748396,-58.40563654912206
705,-34.5873051903125,-58.39761828655094
706,-34.59570609813542,-58.39598834129699
707,-34.59634273536159,-58.40574247557403
708,-34.57366916776964,-58.40089962881744
709,-34.591261151780195,-58.41131065672759
710,-34.59618314473646,-58.410159740039326
711,-34.58746733960758,-58.39237219751022
712,-34.597947321480525,-58.38715605336057
713,-34.5877648272805,-58.39950609848205
714,-34.596766359598234,-58.38823817128954
715,-34.58581780581834,-58.394592832995464
716,-34.59790908479858,-58.394735183847715
717,-34.58624619098686,-58.397151301285355
718,-34.5854135651571,-58.39088139683227
719,-34.58680206307666,-58.39121301152152
720,-34.59575768656821,-58.39460099598156
721,-34.598337771169284,-58.398082266652445
722,-34.59099637981331,-58.40588550193538
723,-34.59819878288853,-58.38932043433415
724,-34.58756559118707,-58.39058770463533
725,-34.59658731445867,-58.40404776885294
726,-34.57230793597863,-58.38629795050623
727,-34.590069107503766,-58.40400867953236
728,-34.592415761111326,-58.40178763521607
729,-34.57722177574463,-58.388959536989944
730,-34.59549394289536,-58.397093585501324
731,-34.57170290013825,-58.38461390271968
732,-34.596547525338465,-58.3942468835631
733,-34.57492248008119,-58.391893427378676
734,-34.57604902313205,-58.383060479257416
735,-34.59782408933049,-58.414610573942625
736,-34.597848172601665,-58.38765615355021
737,-34.595087351126885,-58.40267392317421
738,-34.59785123659447,-58.410550607008894
739,-34.59887256809377,-58.394410849388244
740,-34.59329206290588,-58.39501333368695
741,-34.586747420365235,-58.39022822720202
742,-34.59249340661882,-58.40621742756409
743,-34.583888466698816,-58.4031191683459
744,-34.599123710159695,-58.40086848966133
745,-34.58596087037336,-58.40727406985667
746,-34.595689940190425,-58.399170826920475
747,-34.591490347235926,-58.39151955918389
748,-34.59434120184443,-58.40235402110529
749,-34.5973360214638,-58.40603849930468
750,-34.57567579309714,-58.399854920688696
751,-34.59922736831124,-58.398264136327015
752,-34.59647405353138,-58.40023608709776
753,-34.589272512403085,-58.387832015067794
754,-34.59496758541795,-58.398616747940125
755,-34.59588270775962,-58.39257478417536
756,-34.574095346749345,-58.394003222242056
757,-34.59589975957948,-58.40640772786551
758,-34.59111508934218,-58.40781753566747
759,-34.586311112646776,-58.399994513961566
760,-34.597278988755605,-58.39288884873513
761,-34.58879136609989,-58.39599964844794
762,-34.586894029282284,-58.404734028173905
763,-34.592754392078675,-58.40944367712526
764,-34.59315555560984,-58.392735875960554
765,-34.57380566861778,-58.39650646602106
766,-34.58529856361013,-58.38860546617733
767,-34.59525696140003,-58.40971454463926
768,-34.594878192559584,-58.40369946643409
769,-34.590446603199815,-58.39033496775146
770,-34.588997262884014,-58.40023364919717
771,-34.596149839276265,-58.39757921971781
772,-34.59202891302153,-58.40268779273698
773,-34.588422076759244,-58.39252503102799
774,-34.5906339387985,-58.39625866452972
775,-34.59909451036657,-58.389454843496075
776,-34.59219163671094,-58.39814613010752
777,-34.58414792951055,-58.389610993045096
778,-34.58160690688407,-58.39639698584028
779,-34.573609019380896,-58.383498706433905
780,-34.57863554796733,-58.393711081549
781,-34.59687130706811,-58.40784989845576
782,-34.59176329107426,-58.38891483508318
783,-34.57138674005002,-58.39974128499627
784,-34.590395670667604,-58.40910121963451
785,-34.595357822309076,-58.38849889054616
786,-34.58765090615958,-58.38625104525316
787,-34.58888294336323,-58.390085360864155
788,-34.57494271450859,-58.396197087273435
789,-34.57703335469495,-58.38499311181254
790,-34.57686257653274,-58.39088197826796
791,-34.58836265637365,-58.38980814764287
792,-34.596222055559316,-58.41155220233307
793,-34.573771150950506,-58.39673257331688
794,-34.59292947420994,-58.38975027889892
795,-34.58123079514491,-58.39705846404529
796,-34.59399808348032,-58.41158198269574
797,-34.58161785425582,-58.39119935300589
798,-34.572930817269146,-58.400793286039416
799,-34.584178870486205,-58.40401721470422
800,-34.584703813450275,-58.393178927007014
801,-34.580349350224516,-58.3925883399792
802,-34.59119202665386,-58.404254941792324
803,-34.592262016613645,-58.3940613160657
804,-34.59392936759763,-58.3957123304577
805,-34.598390427283185,-58.38763275862766
806,-34.57493830069202,-58.388880432185346
807,-34.59288290681074,-58.40211008727245
808,-34.59231160026042,-58.407036906082666
809,-34.59410923533044,-58.41185928664781
810,-34.58745194655184,-58.400217729842105
811,-34.595494164582064,-58.39417686508589
812,-34.57696495933451,-58.39209667672726
813,-34.57749710808184,-58.39402336014617
814,-34.59572786005208,-58.414723988594815
815,-34.59184658884345,-58.40852554409801
816,-34.595075027086246,-58.388713072782025
817,-34.59531361631462,-58.3961479678832
818,-34.58383769620913,-58.39002825101132
819,-34.58594665516589,-58.387479680021386
820,-34.58181509787899,-58.39704144130365
821,-34.57578792049081,-58.39355507269633
822,-34.57922294878519,-58.39135010501397
823,-34.58885134183914,-58.390152684253835
824,-34.59767411364906,-58.41058507307993
825,-34.576213095234515,-58.40044805566722
826,-34.59629517511886,-58.392612863766495
827,-34.59066384860235,-58.404614732077725
828,-34.59858432847042,-58.39266729277108
829,-34.58731984260673,-58.38659822899714
830,-34.580994573326926,-58.394555714877285
831,-34.58418393085511,-58.391279464972044
832,-34.596277036261455,-58.40364058693662
833,-34.58805567744508,-58.39217114114151
834,-34.59312391758957,-58.41211511607315
835,-34.593745785733354,-58.38746366151571
836,-34.57316874453022,-58.40055359672015
837,-34.59693500872203,-58.40129158787487
838,-34.598031255884585,-58.400999239213945
839,-34.59807250131596,-58.402654053050256
840,-34.58544666311225,-58.39959299830081
841,-34.599084461732524,-58.38865740279638
842,-34.5786274290212,-58.392389522967434
843,-34.57447478825318,-58.393600277949346
844,-34.588392072200755,-58.40529974710594
845,-34.57179836548054,-58.38297194868892
846,-34.596724697783955,-58.39437193070071
847,-34.595303022749235,-58.40418610990584
848,-34.57176511374147,-58.38456361698399
849,-34.59708717104145,-58.40778742063809
850,-34.576280481655864,-58.38639072610116
851,-34.58771269300664,-58.40084127587134
852,-34.581446996074156,-58.39428590209913
853,-34.58405601976677,-58.40191086402147
854,-34.58420246900545,-58.39516044231391
855,-34.57802131086269,-58.389229489697655
856,-34.597279678283726,-58.39344828447977
857,-34.5989059999382,-58.387893305577826
858,-34.58813645276494,-58.39636898033946
859,-34.59517687808228,-58.40599795619049
860,-34.58581120606968,-58.39453300153451
861,-34.5730425253257,-58.39727145699076
862,-34.57613230284022,-58.39293084143269
863,-34.58117617569025,-58.39658415860294
864,-34.5856717375272,-58.403930732587774
865,-34.59432067824177,-58.39007998411055
866,-34.59296317837083,-58.3917919916706
867,-34.585939049522885,-58.40691990320135
868,-34.595653164178145,-58.38717301333555
869,-34.59546801311253,-58.38792858483901
870,-34.58606552966116,-58.40420661322786
871,-34.5979006251859,-58.398508567258865
872,-34.57545070545599,-58.38865355021747
873,-34.594731343071054,-58.412920111013996
874,-34.59658230306314,-58.39150940889373
875,-34.587384488945595,-58.38587000774614
876,-34.57547726583776,-58.39428422605015
877,-34.57607549006564,-58.38326999418739
878,-34.573152122663295,-58.393526353655545
879,-34.59354979933886,-58.40598223434605
880,-34.59211570233353,-58.401846556592034
881,-34.588803483665124,-58.396324448930265
882,-34.59229627215754,-58.39485014173202
883,-34.592941113904345,-58.39720962523374
884,-34.58382336805872,-58.39982427708267
885,-34.581268887478416,-58.3918113751695
886,-34.59435565568876,-58.388864266214604
887,-34.588458263637534,-58.406599388128825
888,-34.59085260398795,-58.405107383640065
889,-34.58077596848483,-58.397905068437346
890,-34.588767460130285,-58.40174900191558
891,-34.57644638817713,-58.39918591766881
892,-34.58802692843878,-58.39193055963135
893,-34.590467313820255,-58.39162270039737
894,-34.587806640798895,-58.408970976703955
895,-34.57418989869347,-58.39214625083256
896,-34.598012823978195,-58.40560616425502
897,-34.59422592074585,-58.40025840455005
898,-34.595012499169336,-58.40476028474782
899,-34.596745191530516,-58.395000848002
900,-34.57353799333895,-58.39510621044778
901,-34.59480169234063,-58.39423655245425
902,-34.59823124562128,-58.387126376754516
903,-34.590082158051786,-58.386901382462206
904,-34.582267842620745,-58.39054936970639
905,-34.58728423763175,-58.38835697592508
906,-34.597014867915874,-58.41246129983563
907,-34.57292123155364,-58.39607270189976
908,-34.59276663727261,-58.40185883114161
909,-34.591345201681314,-58.4087463325136
910,-34.5956780405288,-58.405312248919216
911,-34.586863679653966,-58.40395845928603
912,-34.57665095741217,-58.39559238895971
913,-34.57613869653531,-58.38565975876811
914,-34.5747461592192,-58.40160893977961
915,-34.588210145258145,-58.39824096555063
916,-34.585123466716894,-58.40468678827422
917,-34.5979733634296,-58.387453630807926
918,-34.58885806775245,-58.39561423911154
919,-34.591578726860604,-58.40650443009104
920,-34.576153872582985,-58.391461005110386
921,-34.581608932100416,-58.39118118753935
922,-34.58274217795243,-58.39267442705756
923,-34.588064008386084,-58.40508515824223
924,-34.59032177858345,-58.39121480287611
925,-34.58629024755554,-58.39387877094859
926,-34.5936464125284,-58.403813217228716
927,-34.58802763925095,-58.391697063779226
928,-34.589663351010344,-58.393621435102354
929,-34.57823302819627,-58.395123270768714
930,-34.59770748217876,-58.38873444212461
931,-34.585796240519144,-58.39983558483836
932,-34.58971397380579,-58.408717008454275
933,-34.59585902995415,-58.40111472494371
934,-34.595519677695194,-58.39694603386004
935,-34.59371537026181,-58.38856282313793
936,-34.58726096564051,-58.39133736592063
937,-34.58787308331931,-58.391902078744494
938,-34.59308858208977,-58.38782070894909
939,-34.592533946984275,-58.40236306128243
940,-34.59054407229386,-58.39997306141878
941,-34.572400938759955,-58.392719160626314
942,-34.5947281808896,-58.39560003009609
943,-34.591961243259945,-58.39550084585638
944,-34.58817414108545,-58.40663381603638
945,-34.58616223001238,-58.395647414624975
946,-34.58837798583045,-58.403217487291215
947,-34.5918482953506,-58.40821993606203
948,-34.574207821561025,-58.39998102751886
949,-34.588033819727954,-58.38877935964062
950,-34.58723214576188,-58.39758975541201
951,-34.594637477157804,-58.41409453683343
952,-34.586303665876116,-58.38915831033014
953,-34.58584096186931,-58.390954517379484
954,-34.583099824804435,-58.39137861117507
955,-34.58880952655753,-58.405309550111234
956,-34.57247031657853,-58.38480323128381
957,-34.59122323131443,-58.41172136633627
958,-34.58481906425429,-58.405106909334265
959,-34.596717491120394,-58.38815150314157
960,-34.5893308254112,-58.40775264604357
961,-34.577305317133145,-58.39719434733719
962,-34.57400665155191,-58.39511323335731
963,-34.59615157752719,-58.39727259834487
964,-34.59058563120724,-58.40793519535276
965,-34.572459306948865,-58.392702096006595
966,-34.59256525255024,-58.407853769927556
967,-34.591120639001694,-58.411514318534806
968,-34.58550828108253,-58.386535644610284
969,-34.574628057814316,-58.39852503312192
970,-34.590916740623705,-58.39240436488617
971,-34.591980893255396,-58.40916858964327
972,-34.5973981052822,-58.4156044411138
973,-34.57392382320508,-58.39627455816343
974,-34.59440543947281,-58.411249040954104
975,-34.59329140406889,-58.39415001021513
976,-34.596227037179744,-58.39957441914781
977,-34.58483001624037,-58.39752204844485
978,-34.57502537212702,-58.39500275887959
979,-34.58310319093003,-58.39795669622286
980,-34.57718099362262,-58.3832635179755
981,-34.59047869034046,-58.39045109141417
982,-34.573574923566305,-58.39891426091912
983,-34.59484593469535,-58.39145813232192
984,-34.577702237329184,-58.38419045567679
985,-34.59246421418834,-58.411924961201095
986,-34.59119470964478,-58.40090870258659
987,-34.58183708983122,-58.39646888812585
988,-34.586868026171196,-58.40701904001544
989,-34.590249361058945,-58.40588896131669
990,-34.58403950568125,-58.3909304724699
991,-34.598008134472714,-58.3894625593958
992,-34.58631731739678,-58.400418870192574
993,-34.588364421172535,-58.40120846148332
994,-34.584157603549265,-58.39278256820925
995,-34.583095571930315,-58.39055471668368
996,-34.593893490195306,-58.412621895137434
997,-34.594335789800084,-58.39724195078286
998,-34.58458792563735,-58.398663609778716
999,-34.59147716871188,-58.40221532828767
1000,-34.59094054546822,-58.39504850881473
1001,-34.58353130179499,-58.401934354970365
1002,-34.58735132875656,-58.387733452332576
1003,-34.58188518153819,-58.395590265896764
1004,-34.58442593209928,-58.403534282278265
1005,-34.5881977270846,-58.395727479893054
1006,-34.572353515020794,-58.38620886586034
1007,-34.58301047770266,-58.38828718165565
1008,-34.59134306066724,-58.41109699657795
1009,-34.58736256554735,-58.386954685782236
1010,-34.585662621010286,-58.40531747636256
1011,-34.592996589321274,-58.40922240246423
1012,-34.578007824168175,-58.388567953842944
1013,-34.594288419645395,-58.40082891995286
1014,-34.598576458948074,-58.398419073927315
1015,-34.59598092846455,-58.39562560800143
1016,-34.592650901733876,-58.38857977424021
1017,-34.57923505158933,-58.39440127226874
1018,-34.59686927082024,-58.39328821157248
1019,-34.59068659774985,-58.39148465439136
1020,-34.591070588422646,-58.395384567756935
1021,-34.58488654365185,-58.40247962248641
1022,-34.57194816341565,-58.3988040286861
1023,-34.594123612707705,-58.402332951536174
1024,-34.573086994106596,-58.386059398719105
1025,-34.584587316378745,-58.399400116668666
1026,-34.59628011905727,-58.40608951051556
1027,-34.596244130608746,-58.415225004440494
1028,-34.59126015385565,-58.391760856878655
1029,-34.574545443060636,-58.3840580188616
1030,-34.58479066397308,-58.38633135155567
1031,-34.57261569582591,-58.39592217256034
1032,-34.581693241715435,-58.39330295579087
1033,-34.594232023997755,-58.405388587189755
1034,-34.57480438660453,-58.389194413185564
1035,-34.59850754711883,-58.39367649228823
1036,-34.59132628329393,-58.40139043788739
1037,-34.57338691689028,-58.398219021113185
1038,-34.58972741925891,-58.4082705899484
1039,-34.583826433847015,-58.39367140121319
1040,-34.5772688944169,-58.38687040645474
1041,-34.595532211260654,-58.40835356092308
1042,-34.58631403927224,-58.39601807810008
1043,-34.58521191943581,-58.39088182569462
1044,-34.59184622625237,-58.39009455226984
1045,-34.58999479725827,-58.407902054373146
1046,-34.59336106873245,-58.40434885714538
1047,-34.572718536443,-58.39843455672664
1048,-34.59200669597971,-58.39385126569404
1049,-34.574773895899106,-58.399419315195715
1050,-34.592408427013986,-58.40558920333043
1051,-34.596556705446154,-58.39258341473712
1052,-34.5917745879683,-58.38877013020903
1053,-34.59591659374023,-58.395723602794234
1054,-34.59403520326612,-58.39362062889314
1055,-34.596809503828666,-58.39277829191585
1056,-34.590547815331036,-58.405009255016125
1057,-34.580984798453784,-58.39131657358675
1058,-34.58558325447166,-58.39533856962734
1059,-34.575454935324146,-58.39657625065898
1060,-34.59711321485046,-58.41330527792183
1061,-34.596830806003766,-58.39175451148396
1062,-34.58706866081622,-58.40133518147744
1063,-34.574946452094714,-58.39830368947021
1064,-34.57470200145799,-58.393095015242444
1065,-34.57501991868158,-58.38893390510308
1066,-34.576707633612095,-58.38579997488591
1067,-34.59401213606855,-58.40751417292361
1068,-34.58600854618717,-58.400938392602846
1069,-34.5985696942976,-58.39580571131485
1070,-34.5959503355246,-58.41173879633679
1071,-34.58149359617538,-58.39127098014513
1072,-34.58987855871209,-58.403132107664305
1073,-34.57811593537003,-58.39159497015196
1074,-34.57202122172096,-58.383088913405764
1075,-34.596888386184425,-58.40704514586453
1076,-34.58363346167102,-58.38932628496946
1077,-34.594141466337895,-58.405110068472986
1078,-34.58983496833332,-58.39587305561782
1079,-34.59507270897249,-58.38819994416799
1080,-34.58509500156995,-58.38580529737091
1081,-34.5938572004432,-58.40308860926452
1082,-34.577164184066596,-58.398316679165134
1083,-34.59783067226319,-58.39881903073542
1084,-34.5844087945684,-58.40071376823091
1085,-34.572436220493834,-58.393521114506214
1086,-34.587447811019544,-58.38895697093522
1087,-34.5737654900535,-58.38562405699115
1088,-34.58329209913365,-58.393774532844894
1089,-34.57297129204802,-58.39056486920273
1090,-34.57388819183521,-58.39278874775218
1091,-34.59724745804076,-58.39551346230773
1092,-34.591555072340896,-58.391049242578084
1093,-34.57443064591969,-58.40206506429488
1094,-34.59813775869474,-58.39029959006184
1095,-34.57418582666135,-58.4015629009364
1096,-34.58423460509039,-58.40141871251034
1097,-34.592277547698316,-58.40619568864182
1098,-34.58923579751137,-58.38581997588401
1099,-34.599171646708086,-58.394895413059444
1100,-34.57160663392383,-58.39572656555758
1101,-34.587577286388765,-58.402538682786826
1102,-34.58808873708959,-58.393833385934656
1103,-34.590538961714486,-58.38930038337605
1104,-34.59122442440202,-58.408387354830666
1105,-34.59156655738257,-58.402984232619254
1106,-34.59341825329848,-58.40579664326654
1107,-34.58236452654188,-58.39226924010683
1108,-34.598193781318166,-58.40065046579964
1109,-34.572978486866,-58.39165519343551
1110,-34.59518178069534,-58.40936266870975
1111,-34.57385624339314,-58.391967716934424
1112,-34.589719852540526,-58.40166279621094
1113,-34.59407562055895,-58.40173507510045
1114,-34.59569624272058,-58.41178719026794
1115,-34.59201398044463,-58.40805300025818
1116,-34.59175207111756,-58.40024234066351
1117,-34.59478608685598,-58.40788968556875
1118,-34.59117358252742,-58.391719553618515
1119,-34.591348320835046,-58.39235432131901
1120,-34.58069969248877,-58.394126144909684
1121,-34.586178292305945,-58.40286990584561
1122,-34.589820531490695,-58.3954446649281
1123,-34.589826591081156,-58.39701744543285
1124,-34.57160558364278,-58.382816017485766
1125,-34.57475269143195,-58.394263807948356
1126,-34.58768082110183,-58.40722383567228
1127,-34.59650845308106,-58.40802597729748
1128,-34.59136368011528,-58.39182556143916
1129,-34.58921955499853,-58.39642886549093
1130,-34.59739922921323,-58.3991246248082
1131,-34.594814658088445,-58.39531766489852
1132,-34.57666258226571,-58.38826982384085
1133,-34.5969530031304,-58.39396491190931
1134,-34.58787650426658,-58.39047079390223
